amfi_code,annual_return_pct,annual_volatility_pct,sharpe_ratio,sortino_ratio,scheme_name,fund_house,sharpe_rank,sortino_rank
148567,27.056620166916662,14.193706754620289,1.448291170326253,2.3856443733687978,Mirae Asset Large Cap Fund - Regular - Growth,Mirae Asset MF,1.0,1.0
120843,27.260223833934706,15.886986523609197,1.306743969542841,2.3643200321667095,Kotak Flexicap Fund - Regular - Growth,Kotak Mahindra MF,2.0,2.0
148569,28.326161538880395,17.674006691346634,1.234930025774331,2.14691392634605,Mirae Asset Tax Saver Fund - Regular - Growth,Mirae Asset MF,3.0,3.0
119551,23.10331546138706,13.741434141879585,1.2082665673727138,2.140267129061778,SBI Bluechip Fund - Regular Plan - Growth,SBI Mutual Fund,4.0,4.0
120505,29.26527249840699,19.29094940631813,1.180101197660648,2.029352940465737,ICICI Pru Midcap Fund - Regular - Growth,ICICI Prudential MF,5.0,5.0
149323,26.590814851466867,17.74615939755078,1.132121852474721,1.8751010639191963,DSP Midcap Fund - Regular - Growth,DSP Mutual Fund,6.0,6.0
100033,27.21105684715233,18.936710835214104,1.0936987435346328,1.829133961514691,HDFC Mid-Cap Opportunities Fund - Regular - Growth,HDFC Mutual Fund,7.0,8.0
118632,21.80369513249992,14.148352294996592,1.081659179345704,1.850132546855717,Nippon India Large Cap Fund - Regular - Growth,Nippon India MF,8.0,7.0
101206,21.464662400230207,14.568212847454266,1.0272133278753695,1.799562874698445,ABSL Frontline Equity Fund - Regular - Growth,Aditya Birla Sun Life MF,9.0,10.0
120504,21.24476957328334,14.363780566736594,1.0265242847992981,1.8052937940992424,ICICI Pru Bluechip Fund - Direct - Growth,ICICI Prudential MF,10.0,9.0
119094,25.872785977673896,19.407117423334658,0.9982309868636399,1.7037974802462925,Axis Midcap Fund - Regular - Growth,Axis Mutual Fund,11.0,11.0
119552,19.788113344481626,13.93936761271744,0.9532794968660092,1.6097764896282987,SBI Bluechip Fund - Direct Plan - Growth,SBI Mutual Fund,12.0,15.0
149324,30.0931229977171,24.840205005242044,0.9497958246616011,1.6197931764914024,DSP Small Cap Fund - Regular - Growth,DSP Mutual Fund,13.0,14.0
119598,30.26559657235119,25.140578624384613,0.9453082575156091,1.675316570012547,SBI Small Cap Fund - Regular Plan - Growth,SBI Mutual Fund,14.0,12.0
148568,20.79182129335921,15.42914446982323,0.9262873467360143,1.6327409778735096,Mirae Asset Emerging Bluechip Fund - Regular - Growth,Mirae Asset MF,15.0,13.0
102885,16.988800557692755,12.836628397860498,0.8170993373494354,1.4357420130649396,UTI Nifty 50 Index Fund - Regular - Growth,UTI Mutual Fund,16.0,16.0
120503,17.579404292470567,13.88443751311973,0.7979728586052822,1.3379431500669132,ICICI Pru Bluechip Fund - Regular - Growth,ICICI Prudential MF,17.0,17.0
125497,17.879963802436674,14.668866752399456,0.7757902498211185,1.3306512447571266,HDFC Top 100 Fund - Direct Plan - Growth,HDFC Mutual Fund,18.0,18.0
118635,15.131944040863498,12.983158874316247,0.6648569985490604,1.1379767187807344,Nippon India ETF Nifty 50 BeES,Nippon India MF,19.0,20.0
120506,16.382758819054967,15.230516379673004,0.6488787755249534,1.0958951614736425,ICICI Pru Value Discovery Fund - Regular - Growth,ICICI Prudential MF,20.0,21.0
118633,15.531106361835656,13.997213649186094,0.6452074382933202,1.1544757169236162,Nippon India Large Cap Fund - Direct - Growth,Nippon India MF,21.0,19.0
102887,16.262585496628816,15.758366917912934,0.6195175900829826,1.0887552508029967,UTI Flexi Cap Fund - Regular - Growth,UTI Mutual Fund,22.0,22.0
120507,6.744844042758295,0.49391262595115715,0.49572339295190987,1.0521238822579861,ICICI Pru Liquid Fund - Regular - Growth,ICICI Prudential MF,23.0,23.0
120841,13.154784519779863,13.463795800784384,0.49427253786723085,0.8625738849916469,Kotak Bluechip Fund - Regular - Growth,Kotak Mahindra MF,24.0,24.0
149322,13.16072849664985,14.353859818510442,0.4640374492204747,0.7621288703723081,DSP Top 100 Equity Fund - Regular - Growth,DSP Mutual Fund,25.0,25.0
118634,17.819156428927652,25.241520946340408,0.4484340089089892,0.7460146308533518,Nippon India Small Cap Fund - Regular - Growth,Nippon India MF,26.0,26.0
125498,12.016959264352991,18.35243008733572,0.30061192104254486,0.5088128197169164,HDFC Mid-Cap Opportunities Fund - Direct - Growth,HDFC Mutual Fund,27.0,27.0
101207,10.696212277360734,25.797322217077678,0.16266076928646747,0.2766437962609221,ABSL Small Cap Fund - Regular - Growth,Aditya Birla Sun Life MF,28.0,28.0
119093,8.312437838149473,13.983295593638795,0.12961449795668886,0.22108683979275506,Axis Bluechip Fund - Direct - Growth,Axis Mutual Fund,29.0,29.0
120842,7.859995621336389,17.89471500657181,0.07599984804658429,0.12469346986474822,Kotak Emerging Equity Fund - Regular - Growth,Kotak Mahindra MF,30.0,30.0
119092,6.929469030104371,13.950661341123768,0.0307848509545839,0.0525739855930443,Axis Bluechip Fund - Regular - Growth,Axis Mutual Fund,31.0,31.0
119599,5.073186530232925,24.950125122855802,-0.057186625828181896,-0.09438726129459904,SBI Small Cap Fund - Direct Plan - Growth,SBI Mutual Fund,32.0,32.0
119095,4.595602382589969,25.066580232600376,-0.07597357117478931,-0.1281855927585191,Axis Small Cap Fund - Regular - Growth,Axis Mutual Fund,33.0,33.0
120844,6.454444499822505,0.5133170487370698,-0.0887472962169809,-0.18772304774540488,Kotak Liquid Fund - Regular - Growth,Kotak Mahindra MF,34.0,34.0
100016,3.568302536201141,14.548134802183812,-0.20151706755966986,-0.35104746015230837,HDFC Top 100 Fund - Regular Plan - Growth,HDFC Mutual Fund,35.0,36.0
102886,2.7673310029606086,18.13457629731124,-0.20583160785470475,-0.3472223025472743,UTI Mid Cap Fund - Regular - Growth,UTI Mutual Fund,36.0,35.0
119120,5.601161309958991,3.96706236903381,-0.22657538662794546,-0.3767670081707111,SBI Magnum Gilt Fund - Regular Plan - Growth,SBI Mutual Fund,37.0,37.0
118636,5.078639490464056,3.9855381553881983,-0.3566295075144003,-0.6135251287271505,Nippon India Gilt Securities Fund - Regular - Growth,Nippon India MF,38.0,38.0
100025,4.285355596222635,3.9052455281000995,-0.5670947928477084,-0.9418212366054451,HDFC Short Term Debt Fund - Regular - Growth,HDFC Mutual Fund,39.0,39.0
101208,6.086966398607668,0.5064371352310262,-0.8155673679101643,-1.6810378667540928,ABSL Liquid Fund - Regular - Growth,Aditya Birla Sun Life MF,40.0,40.0
